vic_loca_2,num_of_liquor_shops
ABBOTSFORD,87
ABERFELDIE,2
ACHERON,4
AINTREE,1
AIREYS INLET,11
AIRPORT WEST,15
ALBERT PARK,74
ALBERTON,2
ALBERTON WEST,2
ALBION,7
ALEXANDRA,15
ALFREDTON,9
ALLANS FLAT,2
ALLANSFORD,6
ALPHINGTON,21
ALTONA,49
ALTONA EAST,1
ALTONA MEADOWS,9
ALTONA NORTH,25
ALVIE,4
AMHERST,1
ANAKIE,6
ANDERSON,1
ANGLERS REST,1
ANGLESEA,26
APOLLO BAY,35
APSLEY,2
ARARAT,45
ARCHIES CREEK,1
ARDEER,7
ARDMONA,2
ARMADALE,53
ARMSTRONG,4
ARMSTRONG CREEK,6
ARNOLD,1
ARTHURS CREEK,1
ARTHURS SEAT,5
ASCOT VALE,59
ASHBURTON,22
ASHWOOD,13
ASPENDALE,12
ASPENDALE GARDENS,3
ASPENDALE NORTH,1
ATHLONE,1
ATTWOOD,1
AUBURN,4
AVALON,1
AVENEL,13
AVOCA,16
AVONDALE HEIGHTS,13
AVONMORE,1
AVONSLEIGH,3
AXEDALE,5
BACCHUS MARSH,35
BADDAGINNIE,1
BADGER CREEK,2
BAGSHOT,1
BAILIESTON,1
BAIRNSDALE,55
BAIRNSDALE EAST,1
BAKERY HILL,2
BALACLAVA,38
BALLAN,12
BALLARAT,191
BALLARAT CENTRAL,22
BALLARAT EAST,3
BALMORAL,5
BALNARRING,31
BALOOK,1
BALWYN,43
BALWYN EAST,1
BALWYN NORTH,45
BAMAWM,2
BAMBRA,2
BANGHOLME,6
BANNOCKBURN,16
BARANDUDA,3
BARFOLD,2
BARINGHUP,3
BARJARG,1
BARKERS CREEK,2
BARKLY,1
BARMAH,1
BARNAWARTHA,6
BARNAWARTHA NORTH,1
BAROMI,1
BARONGAROOK,4
BARRABOOL,2
BARWITE,2
BARWON HEADS,25
BASS,2
BATESFORD,3
BAXTER,12
BAYINDEEN,3
BAYLES,2
BAYNTON VIA KYNETON,1
BAYSWATER,42
BAYSWATER NORTH,4
BEACON COVE,1
BEACONSFIELD,28
BEACONSFIELD UPPER,8
BEALIBA,1
BEARII,1
BEAUFORT,12
BEAUMARIS,44
BEEAC,2
BEECH FOREST,2
BEECHWORTH,57
BELGRAVE,30
BELGRAVE SOUTH,5
BELL PARK,7
BELL POST HILL,3
BELLARINE,9
BELLBRAE,4
BELLBRIDGE,1
BELLFIELD,1
BELMONT,45
BEMM RIVER,1
BENALLA,48
BENAMBRA,3
BENDIGO,193
BENDIGO EAST,5
BENDOC,1
BENNETSWOOD,1
BENTLEIGH,55
BENTLEIGH EAST,55
BERRIWILLOCK,3
BERRYS CREEK,1
BERWICK,65
BERWICK SOUTH,2
BETHANGA,5
BEULAH,4
BEVERFORD,2
BEVERIDGE,3
BIG HILL  LOCKWOOD SOUTH,1
BIGHILL,1
BINGINWARRI,1
BIRCHIP,8
BIRDWOODTON,1
BIRREGURRA,7
BITTERN,12
BLACK HILL,1
BLACK ROCK,41
BLACKBURN,35
BLACKBURN NORTH,9
BLACKBURN SOUTH,11
BLACKROCK,1
BLACKWOOD,5
BLAIRGOWRIE,12
BLAMPIED,3
BLIND BIGHT,3
BOBINAWARRAH,1
BOBINAWARRAH EAST,1
BOCHARA,1
BOGONG,2
BOISDALE,2
BOLWARRA,1
BONBEACH,10
BONEGILLA,2
BONEO,5
BONNIE DOON,7
BOOLARRA,3
BOORCAN,1
BOORHAMAN,2
BOORT,12
BORONIA,47
BORONIA HEIGHTS,1
BOUNDARY BEND,1
BOX HILL,107
BOX HILL NORTH,11
BOX HILL SOUTH,13
BRAESIDE,23
BRANXHOLME,3
BRAYBROOK,24
BREAKWATER,7
BREAMLEA,1
BRIAGOLONG,2
BRIAR HILL,3
BRIDGEWATER,3
BRIDGEWATER ON LODDON,3
BRIGHT,51
BRIGHTON,129
BRIGHTON BEACH,2
BRIGHTON EAST,24
BRIGHTON NORTH,3
BRIM,3
BRIMIN,1
BRIMPAEN,1
BROADFORD,14
BROADMEADOWS,23
BROOKLYN,3
BROWN HILL,2
BROWNS PLAINS,2
BRUNSWICK,169
BRUNSWICK EAST,99
BRUNSWICK NORTH,1
BRUNSWICK WEST,28
BRUTHEN,7
BUANGOR,1
BUCHAN,4
BUCKLAND VALLEY,1
BUCKLEY,1
BUFFALO RIVER,2
BULLA,2
BULLEEN,28
BULN BULN,2
BUNBARTHA,1
BUNDALAGUAH,1
BUNDALONG,4
BUNDOORA,78
BUNGAREE,3
BUNINYONG,13
BUNYIP,8
BURNLEY,1
BURNSIDE,4
BURNSIDE HEIGHTS,1
BURRAMINE,2
BURWOOD,27
BURWOOD EAST,35
BUSHFIELD,1
BUXTON,6
BYADUK,1
BYAWATHA,1
CAIRNLEA,8
CALDERMEADE,1
CALIFORNIA GULLY,2
CALIVIL,2
CAMBERWELL,111
CAMBERWELL SOUTH,1
CAMBRIAN HILL,1
CAMPBELLFIELD,28
CAMPBELLS CREEK,3
CAMPBELLTOWN,1
CAMPERDOWN,18
CANN RIVER,4
CANTERBURY,14
CAPE BRIDGEWATER,2
CAPE CLEAR,1
CAPE OTWAY,3
CAPE PATERSON,2
CAPE SCHANCK,7
CAPE SCHANK,1
CAPE WOOLAMAI,5
CARAMUT,2
CARAPOOEE WEST,1
CARDIGAN,2
CARDINIA,2
CARDINIA LAKES,1
CARDROSS,4
CARISBROOK,10
CARLSRUHE,2
CARLTON,186
CARLTON NORTH,58
CARNEGIE,79
CARNGHAM,1
CAROLINE SPRINGS,36
CARRAJUNG LOWER,2
CARRANBALLAC,1
CARRUM,14
CARRUM DOWNS,35
CASSILIS,2
CASTERTON,11
CASTLEMAINE,50
CATANI,4
CATHCART,2
CAULFIELD,27
CAULFIELD EAST,11
CAULFIELD NORTH,17
CAULFIELD SOUTH,24
CAVEAT VIA SEYMOUR,1
CAVENDISH,3
CERES,1
CHADSTONE,43
CHARLTON,14
CHELSEA,28
CHELSEA HEIGHTS,10
CHELTENHAM,86
CHESHUNT,6
CHEWTON,2
CHILTERN,10
CHILWELL,1
CHIRNSIDE PARK,30
CHUM CREEK,1
CHURCHILL,9
CHURCHILL ISLAND,1
CLARINDA,3
CLARKEFIELD,1
CLAYTON,87
CLAYTON NORTH,2
CLAYTON SOUTH,17
CLEMATIS,1
CLIFTON HILL,27
CLIFTON SPRINGS,6
CLUNES,11
CLYDE,7
CLYDE NORTH,6
COBDEN,10
COBRAM,27
COBURG,76
COBURG NORTH,13
COCKATOO,6
COGHILLS CREEK,3
COHUNA,13
COLAC,46
COLAC EAST,1
COLBINABBIN,9
COLDSTREAM,38
COLERAINE,8
COLLINGWOOD,127
CONDAH,3
CONGUPNA,2
CONNEWARRE,5
COOLAROO,6
COOMA,1
COOPERS CREEK,1
COORIEMUNGLE,3
CORA LYNN,1
CORADJIL VIA COBDEN,1
CORINELLA,5
CORIO,21
CORNELLA,3
CORONET BAY,1
COROP,7
COROROOKE,1
CORRYONG,14
COTTLES BRIDGE,3
COWES,68
COWES  PHILLIP ISLAND,2
COWWARR,3
CRAIGIE,1
CRAIGIEBURN,51
CRAIGIEBURN HIGHLANDS,1
CRANBOURNE,55
CRANBOURNE EAST,8
CRANBOURNE NORTH,6
CRANBOURNE SOUTH,2
CRANBOURNE WEST,12
CREMORNE,19
CRESSY,2
CRESWICK,15
CRIB POINT,6
CROWLANDS,1
CROYDON,77
CROYDON HILLS,2
CROYDON NORTH,5
CROYDON SOUTH,12
CUDGEWA,2
CULGOA,4
CULLULLERAINE,2
CURDIE VALE,1
CURLEWIS,8
CURLEWIS VIA DRYSDALE,1
DADSWELLS BRIDGE,1
DALLAS,2
DALYSTON,2
DANDENONG,87
DANDENONG NORTH,11
DANDENONG SOUTH,18
DANDENONG WEST,1
DARGO,3
DARLEY,2
DARLINGTON,1
DARNUM,2
DARRAWEIT GUIM,1
DARTMOOR,4
DARTMOUTH,1
DAYLESFORD,44
DEANS MARSH,5
DEDERANG,4
DEEPDENE,6
DEER PARK,26
DELACOMBE,2
DELAHEY,3
DELEGATE RIVER,1
DENNINGTON,3
DENVER,2
DEREEL,1
DERGHOLM,1
DERRIMUT,11
DERRINALLUM,5
DEVENISH,1
DEVON MEADOWS,1
DHURRINGILE,1
DIAMOND CREEK,23
DIGBY,1
DIGGERS REST,8
DIMBOOLA,10
DINGEE,2
DINGLEY,10
DINGLEY VILLAGE,7
DINNER PLAIN,11
DIXIE,1
DIXONS CREEK,16
DOCKLANDS,178
DONALD,12
DONCASTER,53
DONCASTER EAST,82
DONCASTER WEST,1
DONNYBROOK,1
DONVALE,11
DOOEN,2
DOOKIE,5
DOOKIE COLLEGE,1
DOREEN,18
DOVETON,17
DROMANA,54
DROPMORE,1
DROUIN,30
DROUIN EAST,3
DROUIN WEST,1
DRUMCONDA,1
DRUMCONDRA,2
DRUMMOND NORTH,2
DRUMMOND VIA KYNETON,1
DRUNG,2
DRY DIGGINGS,2
DRYSDALE,26
DUMBALK,2
DUNKELD,12
DUNNSTOWN,3
DUNOLLY,8
DURHAM LEAD,1
EAGLE POINT,3
EAGLEHAWK,17
EAGLEMONT,4
EAST BALWYN,1
EAST BENTLEIGH,2
EAST BRUNSWICK,4
EAST BURWOOD,1
EAST COBURG,2
EAST DONCASTER,1
EAST GEELONG,8
EAST HAWTHORN,3
EAST IVANHOE,2
EAST KEILOR,1
EAST MALVERN,4
EAST MELBOURNE,42
EAST PRESTON,3
EAST ST KILDA,3
EAST THOMASTOWN,1
EASTWOOD,2
EBDEN,1
ECHUCA,80
ECHUCA WEST,1
ECKLIN SOUTH,1
EDDINGTON,1
EDENHOPE,10
EDI,1
EDITHVALE,17
EILDON,12
ELAINE,3
ELDORADO,2
ELLIMINYT,7
ELLINABANK,1
ELLINBANK,2
ELMHURST,3
ELMORE,7
ELPHINSTONE,4
ELSTERNWICK,85
ELTHAM,57
ELTHAM NORTH,2
ELWOOD,62
EMERALD,17
ENDEAVOUR HILLS,23
ENFIELD,1
ENSAY,3
EPPALOCK,3
EPPING,73
EPSOM,6
ERICA,3
ESKDALE,4
ESSENDON,77
ESSENDON AIRPORT,1
ESSENDON FIELDS,7
ESSENDON NORTH,8
EUMEMMERRING,2
EUROA,22
EUROBIN,3
EVERSLEY,1
EVERTON,1
EVERTON UPPER,7
EYNESBURY,3
FAIRFIELD,46
FAIRHAVEN,1
FALLS CREEK,49
FARADAY,3
FAWKNER,22
FERGUSON,1
FERNDALE,1
FERNTREE GULLY,56
FERNTREE GULLY UPPER,1
FERNY CREEK,2
FINGAL,13
FISH CREEK,10
FISHERMANS BEND,2
FITZROY,256
FITZROY NORTH,64
FIVE WAYS,1
FLEMINGTON,31
FLINDERS,17
FLOWERDALE,4
FLYNN,1
FOOTSCRAY,141
FOOTSCRAY SOUTH,1
FOOTSCRAY WEST,18
FOREST HILL,34
FORREST,6
FOSTER,15
FOSTER NORTH,1
FOUNTAIN GATE,4
FRAMLINGHAM,1
FRANKLINFORD,1
FRANKSTON,134
FRANKSTON EAST,1
FRANKSTON NORTH,7
FRANKSTON SOUTH,9
FRASER RISE,3
FRENCH ISLAND,1
FRENCHMANS,1
FRESHWATER CREEK,1
FYANSFORD,4
GANNAWARRA,1
GAPSTED,3
GARDEN CITY,1
GARDENVALE,1
GARFIELD,5
GEELONG,211
GEELONG EAST,4
GEELONG NORTH,20
GEELONG SOUTH,5
GEELONG WEST,55
GELANTIPY,1
GELLIBRAND,5
GELLIBRAND RIVER,1
GEMBROOK,16
GENOA,1
GILLEAR,1
GIPSY POINT,2
GIRGARRE,2
GISBORNE,36
GLADSTONE PARK,8
GLADYSDALE,2
GLEN AIRE,1
GLEN ALVIE,2
GLEN FORBES,3
GLEN HUNTLY,7
GLEN IRIS,55
GLEN WAVERLEY,135
GLEN WAVERLEY NORTH,1
GLEN WILLS,1
GLENAIRE,1
GLENBURN,2
GLENFERRIE,1
GLENGARRY,6
GLENHOPE,1
GLENHUNTLY,9
GLENLYON,4
GLENORCHY,1
GLENROWAN,7
GLENROY,26
GOLDEN BEACH,4
GOLDEN GULLY,1
GOLDEN POINT,4
GOLDEN SQUARE,8
GOORAMADDA,2
GOORAMBAT,2
GOORNONG,3
GORDON,5
GORMANDALE,2
GOROKE,4
GOUGHS BAY,2
GOUGHS BAY (VIA MANSFIELD,1
GOWANBRAE,3
GRAHAMVALE,2
GRANTVILLE,4
GRANYA,2
GRAYTOWN,2
GREAT WESTERN,9
GREEN LAKE,1
GREEN LAKE VIA HORSHAM,1
GREENDALE,1
GREENSBOROUGH,52
GREENVALE,7
GRETA,2
GREYTHORN,1
GROVEDALE,29
GRUYERE,13
GRUYERE VIA COLDSTREAM,3
GUILDFORD,5
GUNBOWER,5
GUNDOWRING,1
GUYS HILL,1
HADDON,2
HADFIELD,5
HALLAM,15
HALLORA,1
HALLS GAP,29
HAMILTON,59
HAMLYN HEIGHTS,3
HAMPTON,69
HAMPTON EAST,6
HAMPTON PARK,23
HANGING ROCK,1
HARCOURT,12
HARCOURT NORTH,1
HARCOURT SOUTH,1
HARRIETVILLE,5
HARRISFIELD,1
HARROW,5
HASTINGS,35
HATTAH,1
HAWKESDALE,1
HAWKSBURN,2
HAWTHORN,162
HAWTHORN EAST,57
HEALESVILLE,88
HEATHCOTE,45
HEATHERTON,13
HEATHMERE,1
HEATHMONT,20
HEIDELBERG,34
HEIDELBERG HEIGHTS,10
HEIDELBERG WEST,15
HEPBURN,3
HEPBURN SPRINGS,24
HERNE HILL,7
HESKET,2
HEYFIELD,10
HEYWOOD,9
HIGHETT,41
HIGHTON,27
HILLSIDE,12
HODDLES CREEK,2
HOPETOUN,5
HOPPERS CROSSING,56
HORDERN VALE,1
HORSHAM,73
HOTHAM HEIGHTS,12
HOWQUA,1
HUGHESDALE,8
HUMEVALE,1
HUNTINGDALE,11
HUNTLY,8
HURSTBRIDGE,16
INDENTED HEAD,2
INDIGO VALLEY,2
INGLEWOOD,7
INVERGORDON,1
INVERLEIGH,6
INVERLOCH,29
INVERMAY,3
IONA,1
IRAAK,1
IRONBARK,1
IRREWARRA,1
IRREWILLIPE,1
IRYMPLE,14
IVANHOE,52
IVANHOE EAST,7
JACANA,2
JAMIESON,7
JAN JUC,10
JARKLIN,1
JEPARIT,5
JINDIVICK,2
JOHANNA,1
JOHNSONVILLE,2
JOLIMONT,2
JORDANVILLE,1
JUNCTION VILLAGE,1
JUNORTOUN,4
KAARIMBA,1
KALIMNA,2
KALIMNA WEST,2
KALKALLO,1
KALKEE,1
KALLISTA,8
KALORAMA,2
KANGAROO FLAT,21
KANGAROO GROUND,11
KANIVA,8
KANUMBRA,1
KANYAPELLA,4
KARADOC,1
KARADOC VIA RED CLIFFS,1
KARDELLA SOUTH,3
KARINGAL,5
KATAMATITE,4
KATANDRA WEST,5
KATUNGA,5
KEALBA,8
KEILOR,17
KEILOR DOWNS,3
KEILOR EAST,24
KEILOR NORTH,1
KEILOR PARK,14
KENLEY,1
KENNINGTON,4
KENNINGTON VIA BENDIGO,1
KENSINGTON,47
KEON PARK,4
KERANG,19
KERGUNYAH,1
KERNOT,2
KEVINGTON,1
KEW,89
KEW EAST,22
KEYSBOROUGH,40
KIALLA,14
KIALLA WEST,3
KIEWA,2
KILCUNDA,4
KILLARNEY,3
KILMORE,26
KILSYTH,17
KILSYTH SOUTH,1
KING VALLEY,6
KINGLAKE,4
KINGLAKE CENTRAL,2
KINGOWER,2
KINGOWER VIA INGLEWOOD,1
KINGSBURY,10
KINGSTON,1
KINGSVILLE,4
KIRKSTALL,1
KNOWSLEY,3
KNOXFIELD,17
KOO-WEE-RUP,2
KOO WEE RUP,7
KOONDROOK,3
KOONOOMOO,4
KOONWARRA,2
KOORLONG,3
KOOYONG,8
KOROIT,11
KORONG VALE,3
KORUMBURRA,23
KOTUPNA,1
KOYUGA,1
KYABRAM,20
KYABRAM WEST,1
KYNETON,51
LAANG,1
LABERTOUCHE,2
LACEBY,1
LAHARUM,4
LAKE BOGA,7
LAKE BOLAC,6
LAKE BUNGA,1
LAKE CHARM,2
LAKE CULLULLERAINE,1
LAKE EPPALOCK,1
LAKE GILLEAR,1
LAKE HUME VIA EBDEN,1
LAKE LONSDALE,1
LAKE TYERS BEACH,2
LAKE WELLINGTON,1
LAKE WENDOUREE,1
LAKES ENTRANCE,40
LAL LAL,1
LALBERT,3
LALOR,24
LAMPLOUGH,2
LANCASTER,1
LANCEFIELD,24
LANDSBOROUGH,4
LANG LANG,9
LANGWARRIN,15
LARA,27
LARA LAKE,1
LASCELLES,1
LAUNCHING PLACE,2
LAVERS HILL,5
LAVERTON,23
LAVERTON NORTH,5
LEARMONTH,7
LEICHARDT,1
LEIGH CREEK,1
LEITCHVILLE,4
LEONGATHA,27
LEONGATHA NORTH,1
LEONGATHA SOUTH,4
LEOPOLD,18
LETHBRIDGE,9
LEXTON,4
LICOLA,1
LILLIPUT,1
LILYDALE,59
LIMA SOUTH,3
LINDENOW,6
LINDENOW SOUTH,2
LINTON,3
LISMORE,7
LITTLE RIVER,2
LOCH,9
LOCH SPORT,8
LOCKINGTON,5
LOCKSLEY,2
LOCKWOOD SOUTH,1
LOGAN,1
LONG GULLY,1
LONGFORD,6
LONGLEA,1
LONGWARRY,6
LONGWARRY NORTH,1
LONGWOOD,2
LONGWOOD EAST,1
LORNE,41
LOVELY BANKS,4
LOWER NORTON,2
LOWER PLENTY,16
LOWER TEMPLESTOWE,16
LUCAS,1
LUCKNOW,4
LYNBROOK,5
LYNDHURST,11
LYONVILLE,3
LYSTERFIELD,4
MACARTHUR,7
MACCLESFIELD,1
MACEDON,16
MACLEOD,13
MACORNA,1
MACS COVE,1
MADDINGLEY,1
MAFFRA,21
MAFFRA WEST UPPER,1
MAGPIE,1
MAIDEN GULLY,7
MAIDSTONE,20
MAIN RIDGE,18
MAINDAMPLE,1
MALDON,18
MALLACOOTA,7
MALMSBURY,8
MALVERN,79
MALVERN EAST,81
MANANGATANG,4
MANDURANG,7
MANGALORE,1
MANIFOLD HEIGHTS,4
MANNERIM,2
MANOR LAKES,1
MANSFIELD,40
MARCUS HILL,4
MARDAN,1
MARIBYRNONG,42
MARKWOOD,1
MARLO,2
MARNOO,3
MARONG,8
MAROONA,1
MARYBOROUGH,37
MARYKNOLL,1
MARYSVILLE,16
MCADAMS GAP,1
MCCRAE,8
MCKINNON,14
MCMAHONS CREEK,1
MEADOW HEIGHTS,2
MEENIYAN,12
MEERLIEU,2
MELB INTERNATIONAL AIRPORT,1
MELBOURNE,1407
MELBOURNE AIRPORT,44
MELBOURNE AREA,1
MELBOURNE SOUTH,13
MELBOURNE UNIVERSITY,5
MELTON,55
MELTON SOUTH,14
MELTON WEST,9
MENTONE,42
MERBEIN,12
MERBEIN SOUTH,1
MEREDITH,4
MERINO,2
MERLYNSTON,1
MERNDA,13
MERRICKS,11
MERRICKS BEACH,1
MERRICKS NORTH,13
MERRIGUM,4
MERRIJIG,6
MERTON,1
METCALFE,1
METUNG,11
MIA MIA,2
MICKLEHAM,2
MIDDLE BRIGHTON,5
MIDDLE PARK,18
MILAWA,16
MILDURA,135
MILDURA SOUTH,3
MILL PARK,45
MILLGROVE,1
MINERS REST,5
MINIMAY,1
MININERA,1
MINYIP,8
MIRBOO NORTH,13
MITCHAM,40
MITCHELLSTOWN,2
MITIAMO,3
MITTA MITTA,3
MODEWARRE,1
MOE,33
MOLESWORTH,3
MOLIAGUL,1
MONASH UNIVERSITY,5
MONBULK,22
MONEGEETTA,1
MONGANS BRIDGE,2
MONOMEITH,1
MONT ALBERT,12
MONT ALBERT NORTH,3
MONTMORENCY,19
MONTROSE,15
MOOLAP,11
MOONAMBEL,17
MOONDARAH,1
MOONEE PONDS,111
MOONLIGHT,1
MOONLIGHT FLAT,1
MOORABBIN,57
MOORABBIN AIRPORT,4
MOORABOOL,1
MOORNGAG,2
MOOROODUC,21
MOOROOLBARK,25
MOOROOPNA,19
MORDIALLOC,52
MORDIALLOC NORTH,1
MORIAC,2
MORNINGTON,125
MORNINGTON EAST,1
MORTLAKE,6
MORWELL,48
MOUNT BAW BAW,9
MOUNT BEAUTY,6
MOUNT BRUNO,1
MOUNT BULLER,54
MOUNT BURNETT,1
MOUNT CAMEL,1
MOUNT CLEAR,3
MOUNT DANDENONG,8
MOUNT DUNEED,5
MOUNT ELIZA,49
MOUNT EVELYN,13
MOUNT HELEN,3
MOUNT HOTHAM,12
MOUNT MACEDON,9
MOUNT MARTHA,33
MOUNT MORIAC,4
MOUNT PLEASANT,1
MOUNT SCOBIE,1
MOUNT TOOLEBEWONG,1
MOUNT WAVERLEY,58
MOUNTAIN GATE,1
MOYARRA,1
MOYHU,4
MOYSTON,5
MT BEAUTY,2
MT BULLER,10
MT CLEAR,2
MT ELIZA,2
MT EVELYN,2
MT HOTHAM,6
MT MARTHA,1
MT WAVERLEY,3
MUCKLEFORD,2
MUDGEEGONGA,1
MULGRAVE,31
MURCHISON,7
MURCHISON EAST,1
MURGHEBOLUC,1
MURRABIT,4
MURRADOC,1
MURRAYDALE,1
MURRAYVILLE,4
MURRINDINDI,2
MURROON,2
Murrumbeena,1
MURRUMBEENA,18
MURTOA,5
MUSK,4
MYERS FLAT,1
MYRNIONG,3
MYRRHEE,5
MYRRHEE  MOYHU,1
MYRTLE CREEK,1
MYRTLEFORD,41
MYSTIC PARK,3
NAGAMBIE,32
NAMBROK,2
NAMBROOK VIA ROSEDALE,1
NANDALY,1
NANGILOC,3
NANNEELLA,1
NAPOLEONS,1
NAR NAR GOON,4
NARBETHONG,1
NARRACAN,2
NARRE WARREN,47
NARRE WARREN EAST,4
NARRE WARREN NORTH,8
NARRE WARREN SOUTH,14
NATHALIA,12
NATIMUK,6
NATTE YALLOCK,2
NAVARRE,2
NEERIM JUNCTION,1
NEERIM SOUTH,7
NELSON,4
NERRENA,1
NERRINA,1
NETHERBY,1
NEW GISBORNE,8
NEWBOROUGH,11
NEWBRIDGE,4
NEWCOMB,13
NEWHAM,5
NEWHAVEN,7
NEWLYN,2
NEWLYN NORTH,1
NEWMARKET,4
NEWMERELLA,1
NEWPORT,32
NEWRY,3
NEWSTEAD,10
NEWTOWN,30
NHILL,12
NICHOLS POINT,10
NICHOLSON,3
NIDDRIE,26
NIRRANDA,1
NO FIXED ADDRESS,5
NO FIXED PREMISES,1
NOBLE PARK,36
NOBLE PARK NORTH,4
NOOJEE,4
NOORAT,3
NORADJUHA,1
NORLANE,19
NORLANE WEST,1
NORONG,1
NORTH BALLARAT,2
NORTH BALWYN,4
NORTH BAYSWATER,1
NORTH BENDIGO,1
NORTH BRIGHTON,1
NORTH CARLTON,4
NORTH CAULFIELD,2
NORTH COBURG,1
NORTH CROYDON,1
NORTH DANDENONG,2
NORTH ESSENDON,7
NORTH FITZROY,5
NORTH GEELONG,11
NORTH GLENROY,1
NORTH MELBOURNE,87
NORTH RINGWOOD,3
NORTH SHORE,2
NORTH SUNSHINE,2
NORTH WANGARATTA,1
NORTH WARRANDYTE,1
NORTH WILLIAMSTOWN,2
NORTHCOTE,140
NOT APPLICABLE,4
NOTTING HILL,6
NOWA NOWA,1
NUG NUG,1
NULLAWARRE,2
NULLAWIL,1
NUMURKAH,20
NUNAWADING,27
NUNGURNER,1
NYAH,5
NYAH WEST,5
NYORA,3
OAK PARK,12
OAKLANDS JUNCTION,1
OAKLEIGH,70
OAKLEIGH EAST,6
OAKLEIGH SOUTH,14
OCEAN GROVE,46
OFFICER,12
OLINDA,23
OLXEY,1
OMEO,9
ON SUNRAYSIA HWY,1
ORBOST,15
ORMOND,27
ORMOND EAST,1
OUTTRIM,3
OUYEN,7
OVENS,2
OVENS VALE,1
OXLEY,7
PAKENHAM,58
PAKENHAM EAST,1
PAKENHAM UPPER,2
PANMURE,2
PANTON HILL,5
PARAPARAP,3
PARK ORCHARDS,8
PARKDALE,28
PARKVILLE,36
PASCOE VALE,32
PASCOE VALE SOUTH,14
PASTORIA,1
PASTORIA EAST VIA KYNETON,1
PATCHEWOLLOCK,1
PATTERSON LAKES,20
PAYNESVILLE,18
PEARCEDALE,6
PENNYROYAL,2
PENSHURST,5
PETERBOROUGH,3
PHEASANT CREEK,1
PHILLIP ISLAND,8
PIANGIL,4
PICOLA,3
PIGEON PONDS,1
PIMPINIO,1
PINE GROVE,1
PINE LODGE,1
PIPERS CREEK,3
PIRRON YALLOCK,2
PLENTY,10
PLUMPTON,2
POINT COOK,68
POINT LEO,2
POINT LONSDALE,15
POMBORNEIT,1
POMONAL,3
POOWONG,3
POREPUNKAH,17
PORT ALBERT,6
PORT CAMPBELL,14
PORT FAIRY,48
PORT MELBOURNE,136
PORT WELSHPOOL,2
PORTARLINGTON,22
PORTLAND,53
PORTSEA,9
POWELLTOWN,3
PRAHRAN,152
PRAHRAN EAST,1
PRESTON,140
PRESTON EAST,1
PRESTON SOUTH,2
PRESTON WEST,2
PRINCES HILL,2
PRINCETOWN,2
PURNIM,1
PYALONG,3
PYRAMID HILL,5
QUAMBATOOK,4
QUANTONG,2
QUARRY HILL,4
QUEENSCLIFF,42
QUEENSCLIFFE,1
RAINBOW,7
RAVENHALL,9
RAVENSWOOD,4
RAVENSWOOD NORTH,1
RAVENSWOOD SOUTH,1
RAWSON,4
RAYWOOD,5
RED CLIFFS,23
RED HILL,38
RED HILL SOUTH,24
REDAN,2
REDBANK,3
REDESDALE,5
RESEARCH,8
RESERVOIR,77
RHEOLA,1
RHYLL,10
RHYMNEY,1
RICHMOND,298
RICHMOND NORTH,2
RIDDELLS CREEK,10
RINGWOOD,94
RINGWOOD EAST,26
RINGWOOD NORTH,13
RIPPLESIDE,2
RIPPONLEA,18
ROBINVALE,10
ROCHESTER,14
ROCKBANK,11
ROKEWOOD,4
ROMSEY,17
ROSANNA,17
ROSEBUD,50
ROSEBUD SOUTH,1
ROSEBUD WEST,10
ROSEDALE,12
ROSEWHITE,1
ROSEWHITE VIA MYRTLEFORD,1
ROSS CREEK,2
ROWVILLE,47
ROXBURGH PARK,10
RUFFY,1
RUPANYUP,5
RUSHWORTH,10
RUSSELL BRIDGE,1
RUTHERGLEN,46
RYE,37
SAFETY BEACH,11
SAILORS FALL,1
SAILORS FALLS,1
SALE,64
SAN REMO,13
SANCTUARY LAKES,1
SANDFORD,1
SANDHURST,1
SANDON,1
SANDOWN,1
SANDRINGHAM,46
SANDY POINT,3
SARSFIELD,1
SASSAFRAS,16
SCARSDALE,2
SCORESBY,18
SCOTSBURN,2
SEA LAKE,10
SEABROOK,3
SEAFORD,42
SEAHOLME,3
SEASPRAY,3
SEAVIEW,1
SEBASTOPOL,13
SEDDON,29
SEDGWICK,1
SELBY,1
SERPENTINE,4
SERVICETON,3
SEVILLE,20
SEVILLE EAST,1
SEYMOUR,33
SHAYS FLAT,1
SHEEP HILLS,1
SHELFORD,1
SHEPHERDS FLAT,2
SHEPPARTON,122
SHEPPARTON EAST,5
SHEPPARTON SOUTH,2
SHERBROOKE,6
SHOREHAM,11
SILVAN,6
SILVAN SOUTH,1
SILVERLEAVES,2
SIMPSON,4
SKENES CREEK,2
SKIPTON,3
SKYE,3
SMEATON,3
SMITHS BEACH,1
SMITHS GULLY,3
SMYTHES CREEK,8
SMYTHESDALE,3
SNAKE VALLEY,3
SOLDIERS HILL,3
SOMERS,6
SOMERTON,1
SOMERVILLE,27
SORRENTO,34
SOUTH BALLARAT,1
SOUTH CAULFIELD,2
SOUTH GEELONG,4
SOUTH KINGSVILLE,6
SOUTH MELBOURNE,184
SOUTH MORANG,25
SOUTH MUCKLEFORD,1
SOUTH OAKLEIGH,1
SOUTH WARRANDYTE,2
SOUTH WHARF,20
SOUTH YARRA,235
SOUTHBANK,145
SPOTSWOOD,17
SPRING GULLY,2
SPRING HILL,1
SPRINGHURST,1
SPRINGVALE,75
SPRINGVALE NORTH,1
SPRINGVALE SOUTH,13
ST ALBANS,63
ST ALBANS PARK,1
ST ANDREWS,8
ST ANDREWS BEACH,1
ST ARNAUD,19
ST HELENA,3
ST JAMES,3
ST KILDA,248
ST KILDA EAST,10
ST KILDA WEST,5
ST LEONARDS,11
STANHOPE,6
STANLEY,3
STAWELL,28
STEELS CREEK,7
STOCKDALE,1
STONEHAVEN,1
STONY CREEK,3
STRATFORD,11
STRATH CREEK,4
STRATHBOGIE,7
STRATHDALE,3
STRATHFIELDSAYE,9
STRATHMERTON,9
STRATHMORE,22
STRATHMORE HEIGHTS,1
STRATHTULLOH,1
STREATHAM,1
SULKY,1
SUNBURY,85
SUNNYCLIFFS,2
SUNSHINE,70
SUNSHINE NORTH,10
SUNSHINE WEST,14
SURREY HILLS,35
SURREY HILLS NORTH,1
SUTHERLANDS CREEK,2
SUTTON GRANGE,2
SWAN BAY,3
SWAN HILL,60
SWAN REACH,6
SWANPOOL,4
SWIFTS CREEK,6
SYDENHAM,12
SYNDAL,5
TABILK,3
TAGGERTY,4
TAHARA,1
TALBOT,6
TALLANGATTA,11
TALLANGATTA VALLEY,1
TALLAROOK,5
TALLYGAROOPNA,3
TAMBO UPPER,3
TAMINICK,1
TAMINICK VIA GLENROWAN,1
TANGAMBALANGA,3
TANKERTON,1
TANTARABOO VIA KILMORE,1
TARADALE,3
TARNAGULLA,1
TARNEIT,25
TARRAVILLE,1
TARRAWARRA,1
TARRAWINGEE,5
TARRINGTON,6
TARWIN LOWER,5
TATONG,1
TATURA,19
TATYOON,1
TAWONGA,6
TAWONGA SOUTH,10
TAYLORS HILL,6
TAYLORS LAKE,1
TAYLORS LAKES,30
TECOMA,7
TEESDALE,2
TELANGATUK EAST,1
TEMPLESTOWE,38
TEMPLESTOWE LOWER,4
TERANG,10
TESBURY,1
THE BASIN,9
THE GURDIES,2
THOMASTOWN,48
THOMSON,1
THOONA,1
THORNBURY,88
THORNTON,4
THORPDALE,3
TIMBOON,12
TINAMBA,1
TINTALDRA,2
TOLMIE,2
TONGALA,7
TONGIO,1
TONIMBUK VIA BUNYIP,1
TOOBORAC,4
TOOLAMBA,2
TOOLANGI,4
TOOLERN VALE,3
TOOLLEEN,12
TOONGABBIE,3
TOORA,11
TOORADIN,11
TOORAK,49
TOORONGA,1
TOOTGAROOK,4
TORQUAY,72
TORRUMBARRY,3
TOTTENHAM,3
TRAFALGAR,13
TRARALGON,91
TRARALGON EAST,1
TRARALGON SOUTH,2
TRAVANCORE,2
TRAWOOL,2
TRENTHAM,13
TRENTHAM EAST,1
TRUGANINA,16
TUERONG,6
TULLAMARINE,44
TUNGAMAH,6
TYABB,14
TYABB NORTH,1
TYERS,3
TYLDEN,4
TYNONG,3
TYNONG NORTH,3
TYRENDARRA,1
ULTIMA,3
UNDERA,2
UNDERBOOL,3
UPPER BEACONSFIELD,1
UPPER FERNTREE GULLY,9
UPWEY,21
VENTNOR,3
VENUS BAY,8
VERMONT,16
VERMONT SOUTH,12
VIEWBANK,2
VIOLET TOWN,5
WAAIA,3
WAHGUNYAH,12
WAHRING,1
WALHALLA,5
WALLACE,2
WALLAN,18
WALLAN EAST,1
WALLINGTON,12
WALPEUP,2
WALWA,4
WANDILIGONG,3
WANDIN,3
WANDIN EAST,5
WANDIN NORTH,9
WANDIN YALLOCK,1
WANDONG,3
WANGANDARY,1
WANGANDARY VIA WANGARATTA,2
WANGARATTA,74
WANGARATTA NORTH,1
WANGOOM,1
WANTIRNA,40
WANTIRNA SOUTH,59
WARBURTON,19
WARBURTON EAST,1
WARNEET,2
WARRACKNABEAL,10
WARRAGUL,60
WARRAGUL SOUTH,1
WARRAK,1
WARRANDYTE,28
WARRANDYTE SOUTH,6
WARRANWOOD,2
WARRENBAYNE,1
WARRENHEIP,3
WARRENMANG,1
WARRION,2
WARRNAMBOOL,121
WARTOOK,3
WATCHEM,1
WATERWAYS,1
WATSONIA,16
WATTLE BANK,1
WATTLE FLAT,1
WATTLE GLEN,1
WATTLE HILL,1
WAUBRA,4
WAURN PONDS,17
WEDDERBURN,10
WEEAPROINAH,1
WELSHMANS REEF,3
WELSHPOOL,3
WEMEN,1
WENDOUREE,30
WERRIBEE,96
WERRIBEE PARK,1
WERRIBEE SOUTH,7
WERRIMULL,1
WESBOURN,1
WESBURN,1
WEST FOOTSCRAY,14
WEST HASTINGS,1
WEST IVANHOE,1
WEST MELBOURNE,45
WEST MELTON,2
WEST PRESTON,1
WEST ROSEBUD,1
WEST SUNSHINE,2
WEST WODONGA,3
WESTALL,1
WESTGARTH,1
WESTMEADOWS,8
WHEELERS HILL,20
WHITE HILLS,8
WHITFIELD,11
WHITLANDS,4
WHITTLESEA,15
WHOROULY,3
WHOROULY SOUTH,2
WILLAURA,6
WILLIAMS LANDING,8
WILLIAMSTOWN,101
WILLIAMSTOWN NORTH,2
WILLOW GROVE,4
WILLOWMAVIN,1
WILLUNG SOUTH,1
WINCHELSEA,10
WINDERMERE,1
WINDSOR,122
WINTON,1
WODONGA,81
WOLLERT,5
WONGA PARK,10
WONGARRA,1
WONTHAGGI,21
WONTHAGGI NORTH,1
WOOD WOOD,1
WOODEND,33
WOODHATCH,1
WOODS POINT,1
WOODSIDE,2
WOODSIDE BEACH,1
WOOLAMAI,2
WOOLSTHORPE,2
WOOMELANG,3
WOORAGEE,3
WOORI YALLOCK,8
WOORINEN,2
WOORINEN SOUTH,1
WOORNDOO,1
WORLD TRADE CENTRE,4
WUNGHNU,2
WURRUK,4
WY YUNG,2
WY YUNG VIA BAIRNSDALE,1
WYCHEPROOF,8
WYE RIVER,4
WYNDHAM VALE,2
WYNDHAMVALE,8
YAAPEET,1
YACKANDANDAH,13
YALLAMBIE,1
YALLOURN,1
YALLOURN NORTH,5
YAMBUK,1
YAN YEAN,1
YANAKIE,2
YANDOIT,1
YANDOIT CREEK,1
YARCK,4
YARRA GLEN,42
YARRA JUNCTION,15
YARRAGON,14
YARRAGON SOUTH,1
YARRAM,15
YARRAMBAT,10
YARRAVILLE,80
YARRAWONGA,34
YARROWEYAH,2
YEA,20
YELLINGBO,2
YERING,14
YINNAR,6
YUROKE,3
